[
    {
        "value": 72,
        "time": 0,
        "length": 48,
        "velocity": 0.78125
    },
    {
        "value": 76,
        "time": 96,
        "length": 48,
        "velocity": 0.78125
    },
    {
        "value": 79,
        "time": 144,
        "length": 48,
        "velocity": 0.78125
    },
    {
        "value": 67,
        "time": 192,
        "length": 48,
        "velocity": 0.78125
    },
    {
        "value": 69,
        "time": 336,
        "length": 48,
        "velocity": 0.78125
    },
    {
        "value": 71,
        "time": 384,
        "length": 48,
        "velocity": 0.78125
    },
    {
        "value": 69,
        "time": 432,
        "length": 48,
        "velocity": 0.78125
    },
    {
        "value": 31,
        "time": 2136,
        "length": 420,
        "velocity": 0.203125
    },
    {
        "value": 38,
        "time": 2376,
        "length": -1,
        "velocity": 0.140625
    }
]