[
    {
        "value": 76,
        "time": 0,
        "length": 48,
        "velocity": 0.78125
    },
    {
        "value": 75,
        "time": 48,
        "length": 48,
        "velocity": 0.78125
    },
    {
        "value": 76,
        "time": 96,
        "length": 48,
        "velocity": 0.78125
    },
    {
        "value": 75,
        "time": 144,
        "length": 48,
        "velocity": 0.78125
    },
    {
        "value": 76,
        "time": 192,
        "length": 48,
        "velocity": 0.78125
    },
    {
        "value": 71,
        "time": 240,
        "length": 48,
        "velocity": 0.78125
    },
    {
        "value": 74,
        "time": 288,
        "length": 48,
        "velocity": 0.78125
    },
    {
        "value": 72,
        "time": 336,
        "length": 48,
        "velocity": 0.78125
    },
    {
        "value": 69,
        "time": 384,
        "length": 48,
        "velocity": 0.78125
    }
]